{"format_version":"1.8.0","animations":{"animation.oreville_wb.vlqeycb.ccwfzod":{"loop":"hold_on_last_frame","animation_length":1,"bones":{"ltvrrfj":{"scale":{"0.0":[1,1,1],"0.0833":{"pre":[0.9,1.1,1],"post":[0.9,1.1,1],"lerp_mode":"catmullrom"},"0.1667":{"post":[1.1,0.9,1],"lerp_mode":"catmullrom"},"0.375":{"post":[0.95,1.05,1],"lerp_mode":"catmullrom"},"0.6667":{"post":[1,1,1],"lerp_mode":"catmullrom"},"1.0":[1,1,1]}},"lghzamp":{"rotation":{"0.0":[0,-360,0],"0.125":[0,-180,0],"0.4167":[0,-180,0],"0.5417":{"pre":[0,-16.4,0],"post":[0,-16.4,0],"lerp_mode":"catmullrom"},"1.0":[0,0,0]}},"awlguib6":{"scale":{"0.2917":[1,1,1],"0.3333":[0,0,0],"0.4167":[0,0,0],"0.4583":[1,1,1]}},"awlguib2":{"scale":{"0.125":[1,1,1],"0.1667":[0,0,0],"0.5833":[0,0,0],"0.625":[1,1,1]}},"awlguib1":{"scale":{"0.0833":[1,1,1],"0.125":[0,0,0],"0.625":[0,0,0],"0.6667":[1,1,1]}},"awlguib3":{"scale":{"0.1667":[1,1,1],"0.2083":[0,0,0],"0.5417":[0,0,0],"0.5833":[1,1,1]}},"awlguib4":{"scale":{"0.2083":[1,1,1],"0.25":[0,0,0],"0.5":[0,0,0],"0.5417":[1,1,1]}},"awlguib5":{"scale":{"0.25":[1,1,1],"0.2917":[0,0,0],"0.4583":[0,0,0],"0.5":[1,1,1]}},"undo":{"rotation":{"0.0":[0,0,0],"0.0417":{"pre":[0,0,-17],"post":[0,0,-17],"lerp_mode":"catmullrom"},"0.25":{"post":[0,0,0],"lerp_mode":"catmullrom"},"0.6667":[0,0,0]}},"redo":{"rotation":{"0.0":[0,0,0],"0.0417":{"pre":[0,0,17],"post":[0,0,17],"lerp_mode":"catmullrom"},"0.25":{"post":[0,0,0],"lerp_mode":"catmullrom"},"0.6667":[0,0,0]}},"tiwpybf":{"rotation":{"0.0":[0,0,360],"0.0417":[0,0,286.33956],"0.0833":[0,0,217.55625],"0.125":[0,0,153.01397],"0.1667":[0,0,93.1427],"0.2083":[0,0,39.79306],"0.25":[0,0,0],"0.2917":[0,0,-10.84085],"0.3333":[0,0,-13.8741],"0.375":[0,0,-14.48116],"0.4167":[0,0,-13.78644],"0.4583":[0,0,-12.26895],"0.5":[0,0,-10.19591],"0.5417":[0,0,-7.74998],"0.625":[0,0,-2.38699],"0.6667":[0,0,0],"0.7083":[0,0,1.4863],"0.75":[0,0,2.12322],"0.7917":[0,0,2.12691],"0.8333":[0,0,1.72883],"0.9167":[0,0,0.57545],"0.9583":[0,0,0.15675],"1.0":[0,0,0]}},"xrzfsvz":{"rotation":{"0.0":[0,0,-360],"0.0417":[0,0,-286.33956],"0.0833":[0,0,-217.55625],"0.125":[0,0,-153.01397],"0.1667":[0,0,-93.1427],"0.2083":[0,0,-39.79306],"0.25":[0,0,0],"0.2917":[0,0,10.84085],"0.3333":[0,0,13.8741],"0.375":[0,0,14.48116],"0.4167":[0,0,13.78644],"0.4583":[0,0,12.26895],"0.5":[0,0,10.19591],"0.5417":[0,0,7.74998],"0.625":[0,0,2.38699],"0.6667":[0,0,0],"0.7083":[0,0,-1.4863],"0.75":[0,0,-2.12322],"0.7917":[0,0,-2.12691],"0.8333":[0,0,-1.72883],"0.9167":[0,0,-0.57545],"0.9583":[0,0,-0.15675],"1.0":[0,0,0]}},"zjfjpom":{"scale":{"0.0":[1,1,1],"0.0417":{"pre":[1,1.1575,1],"post":[1,1.1575,1],"lerp_mode":"catmullrom"},"0.25":{"post":[1,1.3675,1],"lerp_mode":"catmullrom"},"0.375":{"post":[1,1,1],"lerp_mode":"catmullrom"},"0.625":[1,1,1]}},"msccphy1":{"position":{"0.0":[0,0,0],"0.0417":[0.7,0.7,0],"0.25":[1.7,1.7,0],"0.375":{"pre":[0,0,0],"post":[0,0,0],"lerp_mode":"catmullrom"},"0.7083":[0,0,0]}},"tkyqphv1":{"scale":{"0.0":[1,1,1],"0.0417":[1,1.67,1],"0.2917":[1,1.67,1],"0.4583":{"pre":[1,1,1],"post":[1,1,1],"lerp_mode":"catmullrom"},"0.8333":[1,1,1]}},"tkyqphv2":{"scale":{"0.0":[1,1,1],"0.0417":[1,1.67,1],"0.2917":[1,1.67,1],"0.4583":{"pre":[1,1,1],"post":[1,1,1],"lerp_mode":"catmullrom"},"0.8333":[1,1,1]}},"msccphy2":{"position":{"0.0417":[0,0,0],"0.25":[1,1,0],"0.375":{"pre":[1,1,0],"post":[1,1,0],"lerp_mode":"catmullrom"},"0.6667":{"post":[0.08,0.08,0],"lerp_mode":"catmullrom"},"1.0":[0,0,0]}},"outline1":{"scale":{"0.0":[0,1,1],"0.0833":[1,1,1]}},"outline2":{"scale":{"0.0":[0,0,0],"0.0833":{"pre":[0,0,0],"post":[1,0,1]},"0.1667":[1,1,1]}},"outline3":{"scale":{"0.0":[0,0,0],"0.1667":{"pre":[0,0,0],"post":[0,1,1]},"0.2917":[1,1,1]}},"outline4":{"scale":{"0.0":[0,0,0],"0.2917":{"pre":[0,0,0],"post":[1,0,1]},"0.3333":[1,0.09955,1],"0.375":[1,0.40631,1],"0.4167":[1,0.6072,1],"0.4583":[1,0.73188,1],"0.5":[1,0.81701,1],"0.5417":[1,0.87782,1],"0.5833":[1,0.92184,1],"0.625":[1,0.95348,1],"0.6667":[1,0.97546,1],"0.7083":[1,0.98972,1],"0.75":[1,0.99755,1],"0.7917":[1,1,1]}},"lgddqvp":{"rotation":{"0.0":[0,0,-180],"0.2083":{"pre":[0,0,0],"post":[0,0,0],"lerp_mode":"catmullrom"},"0.875":[0,0,0]}},"stack1":{"position":{"0.0":[2.5,2,1],"0.2083":{"pre":[0,0,0],"post":[0,0,0],"lerp_mode":"catmullrom"},"0.7083":[0,0,0]}},"stack2":{"position":{"0.0":[-2.5,-2,-1],"0.2083":{"pre":[0,0,0],"post":[0,0,0],"lerp_mode":"catmullrom"},"0.7083":[0,0,0]}},"uazrgtp1":{"scale":{"0.0":[1,0,1],"0.1667":[1,1,1]}},"uazrgtp2":{"scale":{"0.0":[0,0,0],"0.1667":{"pre":[0,0,0],"post":[0,1,1]},"0.3333":[1,1,1]}},"xhcrdjo":{"rotation":{"0.0":[0,0,180],"0.2083":{"pre":[0,0,0],"post":[0,0,0],"lerp_mode":"catmullrom"},"0.875":[0,0,0]}},"cjefgal":{"position":{"0.0":[0,0,0],"0.1667":{"pre":[0.01086,2.94829,-0.04764],"post":[0.01086,2.94829,-0.04764],"lerp_mode":"catmullrom"},"0.375":{"post":[-0.01086,1.40171,0.04764],"lerp_mode":"catmullrom"},"0.5417":{"post":[0,0,0],"lerp_mode":"catmullrom"},"1.0":[0,0,0]},"scale":{"0.0":[1,1,1],"0.0833":{"pre":[0.56,1.24,1],"post":[0.56,1.24,1],"lerp_mode":"catmullrom"},"0.1667":{"post":[1.175,1,1],"lerp_mode":"catmullrom"},"0.25":{"post":[1.1281,0.9893,1],"lerp_mode":"catmullrom"},"0.375":{"post":[0.775,1.275,1],"lerp_mode":"catmullrom"},"0.5833":{"post":[1,1,1],"lerp_mode":"catmullrom"},"0.875":[1,1,1]}},"picker":{"rotation":{"0.0":[0,0,0],"0.0833":{"pre":[0,0,28.67],"post":[0,0,28.67],"lerp_mode":"catmullrom"},"0.1667":[0,0,7],"0.3333":{"pre":[0,0,7],"post":[0,0,7],"lerp_mode":"catmullrom"},"0.5":{"post":[0,0,7.6],"lerp_mode":"catmullrom"},"0.7083":{"post":[0,0,17.5],"lerp_mode":"catmullrom"},"0.8333":{"post":[0,0,2],"lerp_mode":"catmullrom"},"1.0":[0,0,0]},"position":{"0.0":[0,0,0],"0.1667":{"pre":[-2.68657,-1.11049,-2.34291],"post":[-2.68657,-1.11049,-2.34291],"lerp_mode":"catmullrom"},"0.3333":{"post":[-2.98508,-1.23388,-2.60324],"lerp_mode":"catmullrom"},"0.5":{"post":[-2.68806,-1.1871,-2.08259],"lerp_mode":"catmullrom"},"0.7083":{"post":[-0.1344,-0.05936,-0.10413],"lerp_mode":"catmullrom"},"1.0":[0,0,0]}},"zbjmuqp":{"rotation":{"0.0":[0,0,0],"0.2917":{"pre":[0,0,-90],"post":[0,0,-90],"lerp_mode":"catmullrom"},"0.5":[0,0,-90]},"position":{"0.0":[-13.6,-6.2,-5.9],"0.1667":[-2,-1,-5.4],"0.375":[-2,-0.4,-5.7],"0.5":[-0.4,0.7,-5.4]},"scale":{"0.0":[0,0,0],"0.1667":[0.3,0.3,0.3],"0.375":[0.15,0.15,0.15],"0.5":{"pre":[0.1,0.1,0.1],"post":[0,0,0]}}},"upzrdju":{"scale":{"0.6667":[1,1,1],"0.7917":{"pre":[1.3,1.3,1.3],"post":[1.3,1.3,1.3],"lerp_mode":"catmullrom"},"1.0":[1,1,1]}},"upfyhly":{"position":{"0.375":[0,0,0],"0.4583":{"pre":[0,0.3,0],"post":[0,0.3,0],"lerp_mode":"catmullrom"},"0.5833":{"post":[0,2.57,0],"lerp_mode":"catmullrom"},"0.7083":[0,4.4,0]},"scale":{"0.375":[1,1,1],"0.5417":[1.4,1.6,1.4]}},"evsvmww":{"rotation":{"0.0":[0,-360,0],"0.125":[0,-180,0],"0.4167":[0,-180,0],"0.5417":{"pre":[0,-16.4,0],"post":[0,-16.4,0],"lerp_mode":"catmullrom"},"1.0":[0,0,0]}},"gkzvddb1":{"position":{"0.0":[0,0,0],"0.125":{"pre":[-1,1,0],"post":[-1,1,0],"lerp_mode":"catmullrom"},"0.3333":{"post":[-1,1,0],"lerp_mode":"catmullrom"},"0.5833":{"post":[0.2,-0.2,0],"lerp_mode":"catmullrom"},"0.7917":{"post":[0,0,0],"lerp_mode":"catmullrom"},"1.0":[0,0,0]}},"gkzvddb2":{"position":{"0.0":[0,0,0],"0.125":{"pre":[1,1,0],"post":[1,1,0],"lerp_mode":"catmullrom"},"0.3333":{"post":[1,1,0],"lerp_mode":"catmullrom"},"0.5833":{"post":[-0.2,-0.2,0],"lerp_mode":"catmullrom"},"0.7917":{"post":[0,0,0],"lerp_mode":"catmullrom"},"1.0":[0,0,0]}},"gkzvddb3":{"position":{"0.0":[0,0,0],"0.125":{"pre":[-1,-1,0],"post":[-1,-1,0],"lerp_mode":"catmullrom"},"0.3333":{"post":[-1,-1,0],"lerp_mode":"catmullrom"},"0.5833":{"post":[0.2,0.2,0],"lerp_mode":"catmullrom"},"0.7917":{"post":[0,0,0],"lerp_mode":"catmullrom"},"1.0":[0,0,0]}},"gkzvddb4":{"position":{"0.0":[0,0,0],"0.125":{"pre":[1,-1,0],"post":[1,-1,0],"lerp_mode":"catmullrom"},"0.3333":{"post":[1,-1,0],"lerp_mode":"catmullrom"},"0.5833":{"post":[-0.2,0.2,0],"lerp_mode":"catmullrom"},"0.7917":{"post":[0,0,0],"lerp_mode":"catmullrom"},"1.0":[0,0,0]}},